"","Point.Forecast","Lo.80","Hi.80","Lo.95","Hi.95"
"2122",338.52051142049,-305.582495056047,982.623517897027,-646.550030389127,1323.59105323011
"2123",337.257406287117,-307.565669271764,982.080481845997,-648.914386151594,1323.42919872583
"2124",336.728896155259,-308.328897872892,981.78669018341,-649.80186720483,1323.25965951535
"2125",336.743269944457,-308.315049925991,981.801589814906,-649.788297622027,1323.27483751094
"2126",336.760094147836,-308.299728033654,981.819916329326,-649.773771005116,1323.29395930079
"2127",336.760426744572,-308.300149192429,981.821002681573,-649.774591177955,1323.2954446671
"2128",336.759927443056,-308.301275037777,981.821129923889,-649.776048695573,1323.29590358169
"2129",336.759894353034,-308.30194650292,981.821735208988,-649.777058096093,1323.29684680216
"2130",336.759908105339,-308.302575425215,981.822391635894,-649.778027229771,1323.29784344045
"2131",336.759909748617,-308.303216288848,981.823035786082,-649.779008216017,1323.29882771325
"2132",336.759909403428,-308.303859000928,981.823677807784,-649.779990976588,1323.29980978344
"2133",336.759909337325,-308.304501431994,981.824320106644,-649.780973455124,1323.30079212977
"2134",336.759909344848,-308.305143792997,981.824962482693,-649.781955865484,1323.30177455518
"2135",336.759909347215,-308.305786158749,981.82560485318,-649.782938280378,1323.30275697481
"2136",336.759909347094,-308.306428526232,981.826247220419,-649.783920696601,1323.30373939079
"2137",336.759909347016,-308.307070893019,981.826889587051,-649.784903111783,1323.30472180582
"2138",336.759909347016,-308.307713259091,981.827531953124,-649.785885525914,1323.30570421995
"2139",336.759909347018,-308.308355624523,981.828174318559,-649.786867939065,1323.3066866331
"2140",336.759909347019,-308.308997989316,981.828816683353,-649.78785035124,1323.30766904528
"2141",336.759909347018,-308.30964035347,981.829459047507,-649.788832762436,1323.30865145647
"2142",336.759909347018,-308.310282716985,981.830101411022,-649.789815172654,1323.30963386669
"2143",336.759909347018,-308.310925079859,981.830743773896,-649.790797581894,1323.31061627593
"2144",336.759909347018,-308.311567442094,981.831386136131,-649.791779990156,1323.31159868419
"2145",336.759909347018,-308.31220980369,981.832028497727,-649.792762397439,1323.31258109148
"2146",336.759909347018,-308.312852164645,981.832670858682,-649.793744803744,1323.31356349778
"2147",336.759909347018,-308.313494524961,981.833313218998,-649.794727209071,1323.31454590311
"2148",336.759909347018,-308.314136884638,981.833955578675,-649.79570961342,1323.31552830746
"2149",336.759909347018,-308.314779243675,981.834597937712,-649.79669201679,1323.31651071083
"2150",336.759909347018,-308.315421602072,981.835240296109,-649.797674419182,1323.31749311322
"2151",336.759909347018,-308.316063959829,981.835882653866,-649.798656820596,1323.31847551463
"2152",336.759909347018,-308.316706316947,981.836525010984,-649.799639221031,1323.31945791507
"2153",336.759909347018,-308.317348673425,981.837167367462,-649.800621620488,1323.32044031453
"2154",336.759909347018,-308.317991029264,981.837809723301,-649.801604018967,1323.321422713
"2155",336.759909347018,-308.318633384462,981.838452078499,-649.802586416468,1323.3224051105
"2156",336.759909347018,-308.319275739022,981.839094433059,-649.80356881299,1323.32338750703
"2157",336.759909347018,-308.319918092941,981.839736786978,-649.804551208534,1323.32436990257
"2158",336.759909347018,-308.320560446221,981.840379140258,-649.8055336031,1323.32535229714
"2159",336.759909347018,-308.321202798861,981.841021492898,-649.806515996688,1323.32633469073
"2160",336.759909347018,-308.321845150862,981.841663844899,-649.807498389298,1323.32731708333
"2161",336.759909347018,-308.322487502223,981.84230619626,-649.808480780929,1323.32829947497
"2162",336.759909347018,-308.323129852944,981.842948546981,-649.809463171582,1323.32928186562
"2163",336.759909347018,-308.323772203026,981.843590897063,-649.810445561257,1323.33026425529
"2164",336.759909347018,-308.324414552468,981.844233246505,-649.811427949953,1323.33124664399
"2165",336.759909347018,-308.325056901271,981.844875595308,-649.812410337672,1323.33222903171
"2166",336.759909347018,-308.325699249434,981.845517943471,-649.813392724412,1323.33321141845
"2167",336.759909347018,-308.326341596957,981.846160290994,-649.814375110174,1323.33419380421
"2168",336.759909347018,-308.326983943841,981.846802637878,-649.815357494957,1323.33517618899
"2169",336.759909347018,-308.327626290085,981.847444984122,-649.816339878763,1323.3361585728
"2170",336.759909347018,-308.328268635689,981.848087329726,-649.81732226159,1323.33714095563
"2171",336.759909347018,-308.328910980654,981.848729674691,-649.818304643439,1323.33812333748
"2172",336.759909347018,-308.329553324979,981.849372019016,-649.81928702431,1323.33910571835
"2173",336.759909347018,-308.330195668664,981.850014362701,-649.820269404203,1323.34008809824
"2174",336.759909347018,-308.33083801171,981.850656705747,-649.821251783117,1323.34107047715
"2175",336.759909347018,-308.331480354117,981.851299048154,-649.822234161054,1323.34205285509
"2176",336.759909347018,-308.332122695884,981.851941389921,-649.823216538012,1323.34303523205
"2177",336.759909347018,-308.332765037011,981.852583731048,-649.824198913991,1323.34401760803
"2178",336.759909347018,-308.333407377498,981.853226071535,-649.825181288993,1323.34499998303
"2179",336.759909347018,-308.334049717346,981.853868411383,-649.826163663017,1323.34598235705
"2180",336.759909347018,-308.334692056554,981.854510750591,-649.827146036062,1323.3469647301
"2181",336.759909347018,-308.335334395123,981.85515308916,-649.828128408129,1323.34794710217
"2182",336.759909347018,-308.335976733052,981.855795427089,-649.829110779218,1323.34892947326
"2183",336.759909347018,-308.336619070342,981.856437764379,-649.830093149329,1323.34991184337
"2184",336.759909347018,-308.337261406992,981.857080101029,-649.831075518462,1323.3508942125
"2185",336.759909347018,-308.337903743002,981.857722437039,-649.832057886616,1323.35187658065
"2186",336.759909347018,-308.338546078373,981.85836477241,-649.833040253793,1323.35285894783
"2187",336.759909347018,-308.339188413104,981.859007107141,-649.834022619991,1323.35384131403
"2188",336.759909347018,-308.339830747196,981.859649441233,-649.835004985211,1323.35482367925
"2189",336.759909347018,-308.340473080648,981.860291774685,-649.835987349453,1323.35580604349
"2190",336.759909347018,-308.341115413461,981.860934107498,-649.836969712716,1323.35678840675
"2191",336.759909347018,-308.341757745633,981.86157643967,-649.837952075002,1323.35777076904
"2192",336.759909347018,-308.342400077167,981.862218771204,-649.838934436309,1323.35875313035
"2193",336.759909347018,-308.343042408061,981.862861102098,-649.839916796639,1323.35973549068
"2194",336.759909347018,-308.343684738315,981.863503432352,-649.84089915599,1323.36071785003
"2195",336.759909347018,-308.344327067929,981.864145761966,-649.841881514363,1323.3617002084
"2196",336.759909347018,-308.344969396905,981.864788090941,-649.842863871758,1323.36268256579
"2197",336.759909347018,-308.34561172524,981.865430419277,-649.843846228174,1323.36366492221
"2198",336.759909347018,-308.346254052936,981.866072746973,-649.844828583613,1323.36464727765
"2199",336.759909347018,-308.346896379992,981.866715074029,-649.845810938074,1323.36562963211
"2200",336.759909347018,-308.347538706409,981.867357400446,-649.846793291556,1323.36661198559
"2201",336.759909347018,-308.348181032186,981.867999726223,-649.84777564406,1323.3675943381
"2202",336.759909347018,-308.348823357324,981.868642051361,-649.848757995586,1323.36857668962
"2203",336.759909347018,-308.349465681822,981.869284375859,-649.849740346134,1323.36955904017
"2204",336.759909347018,-308.350108005681,981.869926699718,-649.850722695704,1323.37054138974
"2205",336.759909347018,-308.3507503289,981.870569022937,-649.851705044296,1323.37152373833
"2206",336.759909347018,-308.351392651479,981.871211345516,-649.85268739191,1323.37250608595
"2207",336.759909347018,-308.352034973419,981.871853667456,-649.853669738545,1323.37348843258
"2208",336.759909347018,-308.35267729472,981.872495988757,-649.854652084203,1323.37447077824
"2209",336.759909347018,-308.353319615381,981.873138309418,-649.855634428882,1323.37545312292
"2210",336.759909347018,-308.353961935402,981.873780629439,-649.856616772584,1323.37643546662
"2211",336.759909347018,-308.354604254784,981.874422948821,-649.857599115307,1323.37741780934
"2212",336.759909347018,-308.355246573526,981.875065267563,-649.858581457052,1323.37840015109
"2213",336.759909347018,-308.355888891629,981.875707585666,-649.859563797819,1323.37938249186
"2214",336.759909347018,-308.356531209092,981.876349903129,-649.860546137608,1323.38036483165
"2215",336.759909347018,-308.357173525915,981.876992219952,-649.861528476419,1323.38134717046
"2216",336.759909347018,-308.3578158421,981.877634536137,-649.862510814252,1323.38232950829
"2217",336.759909347018,-308.358458157644,981.878276851681,-649.863493151107,1323.38331184514
"2218",336.759909347018,-308.359100472549,981.878919166586,-649.864475486983,1323.38429418102
"2219",336.759909347018,-308.359742786815,981.879561480852,-649.865457821882,1323.38527651592
"2220",336.759909347018,-308.360385100441,981.880203794478,-649.866440155803,1323.38625884984
"2221",336.759909347018,-308.361027413427,981.880846107464,-649.867422488745,1323.38724118278
"2222",336.759909347018,-308.361669725774,981.881488419811,-649.86840482071,1323.38822351475
"2223",336.759909347018,-308.362312037482,981.882130731519,-649.869387151696,1323.38920584573
"2224",336.759909347018,-308.36295434855,981.882773042587,-649.870369481705,1323.39018817574
"2225",336.759909347018,-308.363596658978,981.883415353015,-649.871351810735,1323.39117050477
"2226",336.759909347018,-308.364238968767,981.884057662804,-649.872334138787,1323.39215283282
"2227",336.759909347018,-308.364881277917,981.884699971954,-649.873316465861,1323.3931351599
"2228",336.759909347018,-308.365523586427,981.885342280464,-649.874298791958,1323.39411748599
"2229",336.759909347018,-308.366165894297,981.885984588334,-649.875281117076,1323.39509981111
"2230",336.759909347018,-308.366808201528,981.886626895565,-649.876263441216,1323.39608213525
"2231",336.759909347018,-308.36745050812,981.887269202157,-649.877245764378,1323.39706445842
"2232",336.759909347018,-308.368092814071,981.887911508108,-649.878228086562,1323.3980467806
"2233",336.759909347018,-308.368735119384,981.888553813421,-649.879210407768,1323.39902910181
"2234",336.759909347018,-308.369377424057,981.889196118094,-649.880192727996,1323.40001142203
"2235",336.759909347018,-308.37001972809,981.889838422127,-649.881175047246,1323.40099374128
"2236",336.759909347018,-308.370662031484,981.890480725521,-649.882157365518,1323.40197605956
"2237",336.759909347018,-308.371304334239,981.891123028276,-649.883139682812,1323.40295837685
"2238",336.759909347018,-308.371946636354,981.891765330391,-649.884121999128,1323.40394069316
"2239",336.759909347018,-308.372588937829,981.892407631866,-649.885104314466,1323.4049230085
"2240",336.759909347018,-308.373231238665,981.893049932702,-649.886086628826,1323.40590532286
"2241",336.759909347018,-308.373873538862,981.893692232899,-649.887068942208,1323.40688763624
"2242",336.759909347018,-308.374515838419,981.894334532456,-649.888051254612,1323.40786994865
"2243",336.759909347018,-308.375158137336,981.894976831373,-649.889033566038,1323.40885226007
"2244",336.759909347018,-308.375800435615,981.895619129652,-649.890015876486,1323.40983457052
"2245",336.759909347018,-308.376442733253,981.89626142729,-649.890998185956,1323.41081687999
"2246",336.759909347018,-308.377085030252,981.896903724289,-649.891980494448,1323.41179918848
"2247",336.759909347018,-308.377727326612,981.897546020649,-649.892962801962,1323.412781496
"2248",336.759909347018,-308.378369622332,981.898188316369,-649.893945108498,1323.41376380253
"2249",336.759909347018,-308.379011917413,981.89883061145,-649.894927414056,1323.41474610809
"2250",336.759909347018,-308.379654211854,981.899472905891,-649.895909718636,1323.41572841267
"2251",336.759909347018,-308.380296505656,981.900115199693,-649.896892022238,1323.41671071628
"2252",336.759909347018,-308.380938798819,981.900757492856,-649.897874324862,1323.4176930189
"2253",336.759909347018,-308.381581091342,981.901399785379,-649.898856626508,1323.41867532055
"2254",336.759909347018,-308.382223383225,981.902042077262,-649.899838927177,1323.41965762121
"2255",336.759909347018,-308.382865674469,981.902684368506,-649.900821226867,1323.4206399209
"2256",336.759909347018,-308.383507965074,981.903326659111,-649.901803525579,1323.42162221962
"2257",336.759909347018,-308.384150255039,981.903968949076,-649.902785823314,1323.42260451735
"2258",336.759909347018,-308.384792544365,981.904611238402,-649.90376812007,1323.42358681411
"2259",336.759909347018,-308.385434833051,981.905253527088,-649.904750415848,1323.42456910989
"2260",336.759909347018,-308.386077121098,981.905895815135,-649.905732710649,1323.42555140469
"2261",336.759909347018,-308.386719408505,981.906538102542,-649.906715004471,1323.42653369851
"2262",336.759909347018,-308.387361695273,981.90718038931,-649.907697297316,1323.42751599135
"2263",336.759909347018,-308.388003981401,981.907822675438,-649.908679589183,1323.42849828322
"2264",336.759909347018,-308.38864626689,981.908464960927,-649.909661880071,1323.42948057411
"2265",336.759909347018,-308.38928855174,981.909107245777,-649.910644169982,1323.43046286402
"2266",336.759909347018,-308.38993083595,981.909749529987,-649.911626458915,1323.43144515295
"2267",336.759909347018,-308.390573119521,981.910391813558,-649.91260874687,1323.43242744091
"2268",336.759909347018,-308.391215402452,981.911034096489,-649.913591033847,1323.43340972788
"2269",336.759909347018,-308.391857684744,981.911676378781,-649.914573319846,1323.43439201388
"2270",336.759909347018,-308.392499966396,981.912318660433,-649.915555604867,1323.4353742989
"2271",336.759909347018,-308.39314224741,981.912960941446,-649.916537888911,1323.43635658295
"2272",336.759909347018,-308.393784527783,981.91360322182,-649.917520171976,1323.43733886601
"2273",336.759909347018,-308.394426807517,981.914245501554,-649.918502454064,1323.4383211481
"2274",336.759909347018,-308.395069086612,981.914887780649,-649.919484735173,1323.43930342921
"2275",336.759909347018,-308.395711365067,981.915530059104,-649.920467015305,1323.44028570934
"2276",336.759909347018,-308.396353642883,981.91617233692,-649.921449294459,1323.4412679885
"2277",336.759909347018,-308.39699592006,981.916814614097,-649.922431572635,1323.44225026667
"2278",336.759909347018,-308.397638196597,981.917456890634,-649.923413849833,1323.44323254387
"2279",336.759909347018,-308.398280472495,981.918099166532,-649.924396126053,1323.44421482009
"2280",336.759909347018,-308.398922747753,981.91874144179,-649.925378401295,1323.44519709533
"2281",336.759909347018,-308.399565022372,981.919383716409,-649.926360675559,1323.4461793696
"2282",336.759909347018,-308.400207296351,981.920025990388,-649.927342948846,1323.44716164288
"2283",336.759909347018,-308.400849569692,981.920668263729,-649.928325221154,1323.44814391519
"2284",336.759909347018,-308.401491842392,981.921310536429,-649.929307492485,1323.44912618652
"2285",336.759909347018,-308.402134114454,981.921952808491,-649.930289762838,1323.45010845687
"2286",336.759909347018,-308.402776385875,981.922595079912,-649.931272032213,1323.45109072625
"2287",336.759909347018,-308.403418656658,981.923237350695,-649.93225430061,1323.45207299465
"2288",336.759909347018,-308.404060926801,981.923879620838,-649.933236568029,1323.45305526207
"2289",336.759909347018,-308.404703196305,981.924521890342,-649.93421883447,1323.45403752851
"2290",336.759909347018,-308.405345465169,981.925164159206,-649.935201099934,1323.45501979397
"2291",336.759909347018,-308.405987733394,981.925806427431,-649.936183364419,1323.45600205846
"2292",336.759909347018,-308.40663000098,981.926448695017,-649.937165627927,1323.45698432196
"2293",336.759909347018,-308.407272267926,981.927090961963,-649.938147890457,1323.45796658449
"2294",336.759909347018,-308.407914534233,981.92773322827,-649.939130152009,1323.45894884605
"2295",336.759909347018,-308.4085567999,981.928375493937,-649.940112412583,1323.45993110662
"2296",336.759909347018,-308.409199064928,981.929017758965,-649.94109467218,1323.46091336622
"2297",336.759909347018,-308.409841329317,981.929660023354,-649.942076930798,1323.46189562484
"2298",336.759909347018,-308.410483593066,981.930302287103,-649.943059188439,1323.46287788248
"2299",336.759909347018,-308.411125856176,981.930944550213,-649.944041445102,1323.46386013914
"2300",336.759909347018,-308.411768118647,981.931586812684,-649.945023700787,1323.46484239482
"2301",336.759909347018,-308.412410380478,981.932229074515,-649.946005955494,1323.46582464953
"2302",336.759909347018,-308.41305264167,981.932871335707,-649.946988209224,1323.46680690326
"2303",336.759909347018,-308.413694902222,981.933513596259,-649.947970461976,1323.46778915601
"2304",336.759909347018,-308.414337162136,981.934155856173,-649.948952713749,1323.46877140779
"2305",336.759909347018,-308.414979421409,981.934798115446,-649.949934964545,1323.46975365858
"2306",336.759909347018,-308.415621680044,981.935440374081,-649.950917214363,1323.4707359084
"2307",336.759909347018,-308.416263938039,981.936082632076,-649.951899463204,1323.47171815724
"2308",336.759909347018,-308.416906195395,981.936724889432,-649.952881711066,1323.4727004051
"2309",336.759909347018,-308.417548452111,981.937367146148,-649.953863957951,1323.47368265199
"2310",336.759909347018,-308.418190708188,981.938009402225,-649.954846203858,1323.4746648979
"2311",336.759909347018,-308.418832963626,981.938651657663,-649.955828448787,1323.47564714282
"2312",336.759909347018,-308.419475218424,981.939293912461,-649.956810692739,1323.47662938678
"2313",336.759909347018,-308.420117472583,981.93993616662,-649.957792935712,1323.47761162975
"2314",336.759909347018,-308.420759726103,981.94057842014,-649.958775177708,1323.47859387175
"2315",336.759909347018,-308.421401978983,981.94122067302,-649.959757418726,1323.47957611276
"2316",336.759909347018,-308.422044231224,981.941862925261,-649.960739658766,1323.4805583528
"2317",336.759909347018,-308.422686482826,981.942505176863,-649.961721897829,1323.48154059187
"2318",336.759909347018,-308.423328733788,981.943147427825,-649.962704135913,1323.48252282995
"2319",336.759909347018,-308.423970984111,981.943789678148,-649.96368637302,1323.48350506706
"2320",336.759909347018,-308.424613233795,981.944431927831,-649.964668609149,1323.48448730319
"2321",336.759909347018,-308.425255482839,981.945074176876,-649.965650844301,1323.48546953834
"2322",336.759909347018,-308.425897731244,981.945716425281,-649.966633078474,1323.48645177251
"2323",336.759909347018,-308.426539979009,981.946358673046,-649.96761531167,1323.48743400571
"2324",336.759909347018,-308.427182226136,981.947000920173,-649.968597543888,1323.48841623793
"2325",336.759909347018,-308.427824472623,981.94764316666,-649.969579775128,1323.48939846917
"2326",336.759909347018,-308.42846671847,981.948285412507,-649.970562005391,1323.49038069943
"2327",336.759909347018,-308.429108963679,981.948927657716,-649.971544234676,1323.49136292871
"2328",336.759909347018,-308.429751208248,981.949569902285,-649.972526462983,1323.49234515702
"2329",336.759909347018,-308.430393452178,981.950212146215,-649.973508690312,1323.49332738435
"2330",336.759909347018,-308.431035695468,981.950854389505,-649.974490916664,1323.4943096107
"2331",336.759909347018,-308.431677938119,981.951496632156,-649.975473142038,1323.49529183607
"2332",336.759909347018,-308.432320180131,981.952138874168,-649.976455366434,1323.49627406047
"2333",336.759909347018,-308.432962421504,981.952781115541,-649.977437589852,1323.49725628389
"2334",336.759909347018,-308.433604662237,981.953423356274,-649.978419812293,1323.49823850633
"2335",336.759909347018,-308.434246902331,981.954065596368,-649.979402033756,1323.49922072779
"2336",336.759909347018,-308.434889141785,981.954707835822,-649.980384254241,1323.50020294828
"2337",336.759909347018,-308.435531380601,981.955350074638,-649.981366473748,1323.50118516779
"2338",336.759909347018,-308.436173618777,981.955992312814,-649.982348692278,1323.50216738632
"2339",336.759909347018,-308.436815856314,981.95663455035,-649.98333090983,1323.50314960387
"2340",336.759909347018,-308.437458093211,981.957276787248,-649.984313126405,1323.50413182044
"2341",336.759909347018,-308.438100329469,981.957919023506,-649.985295342001,1323.50511403604
"2342",336.759909347018,-308.438742565088,981.958561259125,-649.98627755662,1323.50609625066
"2343",336.759909347018,-308.439384800068,981.959203494105,-649.987259770261,1323.5070784643
"2344",336.759909347018,-308.440027034408,981.959845728445,-649.988241982925,1323.50806067696
"2345",336.759909347018,-308.440669268109,981.960487962146,-649.989224194611,1323.50904288865
"2346",336.759909347018,-308.441311501171,981.961130195208,-649.990206405319,1323.51002509936
"2347",336.759909347018,-308.441953733593,981.96177242763,-649.991188615049,1323.51100730909
"2348",336.759909347018,-308.442595965376,981.962414659413,-649.992170823802,1323.51198951784
"2349",336.759909347018,-308.44323819652,981.963056890557,-649.993153031577,1323.51297172561
"2350",336.759909347018,-308.443880427025,981.963699121062,-649.994135238374,1323.51395393241
"2351",336.759909347018,-308.44452265689,981.964341350927,-649.995117444194,1323.51493613823
"2352",336.759909347018,-308.445164886116,981.964983580153,-649.996099649036,1323.51591834307
"2353",336.759909347018,-308.445807114703,981.96562580874,-649.997081852901,1323.51690054694
"2354",336.759909347018,-308.446449342651,981.966268036688,-649.998064055787,1323.51788274982
"2355",336.759909347018,-308.447091569959,981.966910263996,-649.999046257696,1323.51886495173
"2356",336.759909347018,-308.447733796628,981.967552490665,-650.000028458628,1323.51984715266
"2357",336.759909347018,-308.448376022658,981.968194716695,-650.001010658581,1323.52082935262
"2358",336.759909347018,-308.449018248049,981.968836942086,-650.001992857557,1323.52181155159
"2359",336.759909347018,-308.4496604728,981.969479166837,-650.002975055556,1323.52279374959
"2360",336.759909347018,-308.450302696912,981.970121390949,-650.003957252576,1323.52377594661
"2361",336.759909347018,-308.450944920385,981.970763614422,-650.004939448619,1323.52475814266
"2362",336.759909347018,-308.451587143218,981.971405837255,-650.005921643685,1323.52574033772
"2363",336.759909347018,-308.452229365412,981.972048059449,-650.006903837773,1323.52672253181
"2364",336.759909347018,-308.452871586967,981.972690281004,-650.007886030883,1323.52770472492
"2365",336.759909347018,-308.453513807883,981.97333250192,-650.008868223015,1323.52868691705
"2366",336.759909347018,-308.45415602816,981.973974722197,-650.00985041417,1323.52966910821
"2367",336.759909347018,-308.454798247797,981.974616941834,-650.010832604347,1323.53065129838
"2368",336.759909347018,-308.455440466795,981.975259160832,-650.011814793547,1323.53163348758
"2369",336.759909347018,-308.456082685154,981.975901379191,-650.012796981769,1323.53261567581
"2370",336.759909347018,-308.456724902874,981.976543596911,-650.013779169013,1323.53359786305
"2371",336.759909347018,-308.457367119954,981.977185813991,-650.01476135528,1323.53458004932
"2372",336.759909347018,-308.458009336395,981.977828030432,-650.015743540569,1323.53556223461
"2373",336.759909347018,-308.458651552197,981.978470246234,-650.016725724881,1323.53654441892
"2374",336.759909347018,-308.45929376736,981.979112461397,-650.017707908214,1323.53752660225
"2375",336.759909347018,-308.459935981883,981.97975467592,-650.018690090571,1323.53850878461
"2376",336.759909347018,-308.460578195767,981.980396889804,-650.019672271949,1323.53949096599
"2377",336.759909347018,-308.461220409012,981.981039103049,-650.020654452351,1323.54047314639
"2378",336.759909347018,-308.461862621618,981.981681315655,-650.021636631774,1323.54145532581
"2379",336.759909347018,-308.462504833585,981.982323527622,-650.02261881022,1323.54243750426
"2380",336.759909347018,-308.463147044912,981.982965738949,-650.023600987688,1323.54341968173
"2381",336.759909347018,-308.4637892556,981.983607949637,-650.024583164179,1323.54440185822
"2382",336.759909347018,-308.464431465649,981.984250159686,-650.025565339692,1323.54538403373
"2383",336.759909347018,-308.465073675059,981.984892369096,-650.026547514227,1323.54636620826
"2384",336.759909347018,-308.465715883829,981.985534577866,-650.027529687785,1323.54734838182
"2385",336.759909347018,-308.466358091961,981.986176785998,-650.028511860366,1323.5483305544
"2386",336.759909347018,-308.467000299453,981.98681899349,-650.029494031968,1323.54931272601
"2387",336.759909347018,-308.467642506306,981.987461200343,-650.030476202593,1323.55029489663
"2388",336.759909347018,-308.46828471252,981.988103406557,-650.031458372241,1323.55127706628
"2389",336.759909347018,-308.468926918094,981.988745612131,-650.032440540911,1323.55225923495
"2390",336.759909347018,-308.469569123029,981.989387817066,-650.033422708604,1323.55324140264
"2391",336.759909347018,-308.470211327326,981.990030021362,-650.034404875319,1323.55422356936
"2392",336.759909347018,-308.470853530982,981.990672225019,-650.035387041056,1323.55520573509
"2393",336.759909347018,-308.471495734,981.991314428037,-650.036369205816,1323.55618789985
"2394",336.759909347018,-308.472137936379,981.991956630416,-650.037351369598,1323.55717006364
"2395",336.759909347018,-308.472780138118,981.992598832155,-650.038333532403,1323.55815222644
"2396",336.759909347018,-308.473422339218,981.993241033255,-650.03931569423,1323.55913438827
"2397",336.759909347018,-308.474064539679,981.993883233716,-650.040297855079,1323.56011654912
"2398",336.759909347018,-308.474706739501,981.994525433538,-650.041280014951,1323.56109870899
"2399",336.759909347018,-308.475348938684,981.995167632721,-650.042262173846,1323.56208086788
"2400",336.759909347018,-308.475991137227,981.995809831264,-650.043244331763,1323.5630630258
"2401",336.759909347018,-308.476633335132,981.996452029168,-650.044226488703,1323.56404518274
"2402",336.759909347018,-308.477275532397,981.997094226434,-650.045208644664,1323.5650273387
"2403",336.759909347018,-308.477917729023,981.99773642306,-650.046190799649,1323.56600949369
"2404",336.759909347018,-308.478559925009,981.998378619046,-650.047172953656,1323.56699164769
"2405",336.759909347018,-308.479202120357,981.999020814394,-650.048155106685,1323.56797380072
"2406",336.759909347018,-308.479844315065,981.999663009102,-650.049137258737,1323.56895595277
"2407",336.759909347018,-308.480486509135,982.000305203172,-650.050119409811,1323.56993810385
"2408",336.759909347018,-308.481128702565,982.000947396602,-650.051101559908,1323.57092025394
"2409",336.759909347018,-308.481770895356,982.001589589393,-650.052083709027,1323.57190240306
"2410",336.759909347018,-308.482413087508,982.002231781545,-650.053065857169,1323.57288455121
"2411",336.759909347018,-308.48305527902,982.002873973057,-650.054048004333,1323.57386669837
"2412",336.759909347018,-308.483697469894,982.003516163931,-650.05503015052,1323.57484884456
"2413",336.759909347018,-308.484339660128,982.004158354165,-650.056012295729,1323.57583098977
"2414",336.759909347018,-308.484981849723,982.00480054376,-650.056994439961,1323.576813134
"2415",336.759909347018,-308.485624038679,982.005442732716,-650.057976583215,1323.57779527725
"2416",336.759909347018,-308.486266226996,982.006084921033,-650.058958725492,1323.57877741953
"2417",336.759909347018,-308.486908414674,982.006727108711,-650.059940866791,1323.57975956083
"2418",336.759909347018,-308.487550601713,982.00736929575,-650.060923007113,1323.58074170115
"2419",336.759909347018,-308.488192788112,982.008011482149,-650.061905146458,1323.58172384049
"2420",336.759909347018,-308.488834973872,982.008653667909,-650.062887284824,1323.58270597886
"2421",336.759909347018,-308.489477158994,982.009295853031,-650.063869422214,1323.58368811625
"2422",336.759909347018,-308.490119343476,982.009938037513,-650.064851558626,1323.58467025266
"2423",336.759909347018,-308.490761527319,982.010580221356,-650.06583369406,1323.5856523881
"2424",336.759909347018,-308.491403710522,982.011222404559,-650.066815828517,1323.58663452255
"2425",336.759909347018,-308.492045893087,982.011864587124,-650.067797961997,1323.58761665603
"2426",336.759909347018,-308.492688075013,982.01250676905,-650.068780094499,1323.58859878854
"2427",336.759909347018,-308.493330256299,982.013148950336,-650.069762226023,1323.58958092006
"2428",336.759909347018,-308.493972436946,982.013791130983,-650.07074435657,1323.59056305061
"2429",336.759909347018,-308.494614616954,982.014433310991,-650.07172648614,1323.59154518018
"2430",336.759909347018,-308.495256796323,982.01507549036,-650.072708614733,1323.59252730877
"2431",336.759909347018,-308.495898975053,982.01571766909,-650.073690742347,1323.59350943638
"2432",336.759909347018,-308.496541153144,982.016359847181,-650.074672868985,1323.59449156302
"2433",336.759909347018,-308.497183330596,982.017002024633,-650.075654994645,1323.59547368868
"2434",336.759909347018,-308.497825507409,982.017644201446,-650.076637119327,1323.59645581336
"2435",336.759909347018,-308.498467683582,982.018286377619,-650.077619243032,1323.59743793707
"2436",336.759909347018,-308.499109859116,982.018928553153,-650.07860136576,1323.5984200598
"2437",336.759909347018,-308.499752034012,982.019570728049,-650.07958348751,1323.59940218155
"2438",336.759909347018,-308.500394208268,982.020212902305,-650.080565608283,1323.60038430232
"2439",336.759909347018,-308.501036381885,982.020855075922,-650.081547728078,1323.60136642212
"2440",336.759909347018,-308.501678554863,982.0214972489,-650.082529846896,1323.60234854093
"2441",336.759909347018,-308.502320727202,982.022139421239,-650.083511964736,1323.60333065877
"2442",336.759909347018,-308.502962898902,982.022781592938,-650.084494081599,1323.60431277564
"2443",336.759909347018,-308.503605069962,982.023423763999,-650.085476197485,1323.60529489152
"2444",336.759909347018,-308.504247240384,982.024065934421,-650.086458312393,1323.60627700643
"2445",336.759909347018,-308.504889410166,982.024708104203,-650.087440426324,1323.60725912036
"2446",336.759909347018,-308.50553157931,982.025350273347,-650.088422539278,1323.60824123331
"2447",336.759909347018,-308.506173747814,982.025992441851,-650.089404651254,1323.60922334529
"2448",336.759909347018,-308.506815915679,982.026634609716,-650.090386762252,1323.61020545629
"2449",336.759909347018,-308.507458082905,982.027276776942,-650.091368872274,1323.61118756631
"2450",336.759909347018,-308.508100249492,982.027918943529,-650.092350981318,1323.61216967535
"2451",336.759909347018,-308.50874241544,982.028561109477,-650.093333089384,1323.61315178342
"2452",336.759909347018,-308.509384580749,982.029203274786,-650.094315196473,1323.61413389051
"2453",336.759909347018,-308.510026745419,982.029845439456,-650.095297302585,1323.61511599662
"2454",336.759909347018,-308.51066890945,982.030487603487,-650.096279407719,1323.61609810176
"2455",336.759909347018,-308.511311072842,982.031129766879,-650.097261511876,1323.61708020591
"2456",336.759909347018,-308.511953235594,982.031771929631,-650.098243615056,1323.61806230909
"2457",336.759909347018,-308.512595397708,982.032414091745,-650.099225717258,1323.61904441129
"2458",336.759909347018,-308.513237559182,982.033056253219,-650.100207818483,1323.62002651252
"2459",336.759909347018,-308.513879720018,982.033698414055,-650.10118991873,1323.62100861277
"2460",336.759909347018,-308.514521880214,982.034340574251,-650.102172018,1323.62199071204
"2461",336.759909347018,-308.515164039771,982.034982733808,-650.103154116293,1323.62297281033
"2462",336.759909347018,-308.515806198689,982.035624892726,-650.104136213609,1323.62395490765
"2463",336.759909347018,-308.516448356969,982.036267051006,-650.105118309947,1323.62493700398
"2464",336.759909347018,-308.517090514609,982.036909208646,-650.106100405308,1323.62591909934
"2465",336.759909347018,-308.51773267161,982.037551365647,-650.107082499691,1323.62690119373
"2466",336.759909347018,-308.518374827972,982.038193522009,-650.108064593097,1323.62788328713
"2467",336.759909347018,-308.519016983695,982.038835677732,-650.109046685526,1323.62886537956
"2468",336.759909347018,-308.519659138779,982.039477832816,-650.110028776977,1323.62984747101
"2469",336.759909347018,-308.520301293224,982.040119987261,-650.111010867451,1323.63082956149
"2470",336.759909347018,-308.520943447029,982.040762141066,-650.111992956948,1323.63181165098
"2471",336.759909347018,-308.521585600196,982.041404294233,-650.112975045467,1323.6327937395
"2472",336.759909347018,-308.522227752724,982.042046446761,-650.113957133009,1323.63377582705
"2473",336.759909347018,-308.522869904613,982.04268859865,-650.114939219574,1323.63475791361
"2474",336.759909347018,-308.523512055862,982.043330749899,-650.115921305161,1323.6357399992
"2475",336.759909347018,-308.524154206473,982.04397290051,-650.116903389771,1323.63672208381
"2476",336.759909347018,-308.524796356445,982.044615050482,-650.117885473404,1323.63770416744
"2477",336.759909347018,-308.525438505777,982.045257199814,-650.118867556059,1323.6386862501
"2478",336.759909347018,-308.526080654471,982.045899348508,-650.119849637737,1323.63966833177
"2479",336.759909347018,-308.526722802525,982.046541496562,-650.120831718438,1323.64065041248
"2480",336.759909347018,-308.527364949941,982.047183643978,-650.121813798162,1323.6416324922
"2481",336.759909347018,-308.528007096717,982.047825790754,-650.122795876908,1323.64261457094
"2482",336.759909347018,-308.528649242855,982.048467936892,-650.123777954677,1323.64359664871
"2483",336.759909347018,-308.529291388353,982.04911008239,-650.124760031469,1323.64457872551
"2484",336.759909347018,-308.529933533213,982.04975222725,-650.125742107283,1323.64556080132
"2485",336.759909347018,-308.530575677433,982.05039437147,-650.12672418212,1323.64654287616
"2486",336.759909347018,-308.531217821015,982.051036515052,-650.12770625598,1323.64752495002
"2487",336.759909347018,-308.531859963957,982.051678657994,-650.128688328862,1323.6485070229
"2488",336.759909347018,-308.53250210626,982.052320800297,-650.129670400767,1323.6494890948
"2489",336.759909347018,-308.533144247925,982.052962941962,-650.130652471695,1323.65047116573
"2490",336.759909347018,-308.53378638895,982.053605082987,-650.131634541646,1323.65145323568
"2491",336.759909347018,-308.534428529337,982.054247223374,-650.132616610619,1323.65243530466
"2492",336.759909347018,-308.535070669084,982.054889363121,-650.133598678615,1323.65341737265
"2493",336.759909347018,-308.535712808192,982.055531502229,-650.134580745634,1323.65439943967
"2494",336.759909347018,-308.536354946662,982.056173640699,-650.135562811676,1323.65538150571
"2495",336.759909347018,-308.536997084492,982.056815778529,-650.13654487674,1323.65636357078
"2496",336.759909347018,-308.537639221683,982.05745791572,-650.137526940827,1323.65734563486
"2497",336.759909347018,-308.538281358236,982.058100052273,-650.138509003937,1323.65832769797
"2498",336.759909347018,-308.538923494149,982.058742188186,-650.13949106607,1323.65930976011
"2499",336.759909347018,-308.539565629423,982.05938432346,-650.140473127225,1323.66029182126
"2500",336.759909347018,-308.540207764059,982.060026458096,-650.141455187403,1323.66127388144
"2501",336.759909347018,-308.540849898055,982.060668592092,-650.142437246604,1323.66225594064
"2502",336.759909347018,-308.541492031413,982.06131072545,-650.143419304827,1323.66323799886
"2503",336.759909347018,-308.542134164131,982.061952858168,-650.144401362074,1323.66422005611
"2504",336.759909347018,-308.542776296211,982.062594990248,-650.145383418343,1323.66520211238
"2505",336.759909347018,-308.543418427651,982.063237121688,-650.146365473635,1323.66618416767
"2506",336.759909347018,-308.544060558453,982.06387925249,-650.147347527949,1323.66716622199
"2507",336.759909347018,-308.544702688616,982.064521382653,-650.148329581287,1323.66814827532
"2508",336.759909347018,-308.545344818139,982.065163512176,-650.149311633647,1323.66913032768
"2509",336.759909347018,-308.545986947024,982.065805641061,-650.15029368503,1323.67011237907
"2510",336.759909347018,-308.546629075269,982.066447769306,-650.151275735436,1323.67109442947
"2511",336.759909347018,-308.547271202876,982.067089896913,-650.152257784864,1323.6720764789
"2512",336.759909347018,-308.547913329844,982.067732023881,-650.153239833316,1323.67305852735
"2513",336.759909347018,-308.548555456173,982.06837415021,-650.15422188079,1323.67404057483
"2514",336.759909347018,-308.549197581862,982.069016275899,-650.155203927287,1323.67502262132
"2515",336.759909347018,-308.549839706913,982.06965840095,-650.156185972807,1323.67600466684
"2516",336.759909347018,-308.550481831325,982.070300525362,-650.157168017349,1323.67698671139
"2517",336.759909347018,-308.551123955098,982.070942649135,-650.158150060915,1323.67796875495
"2518",336.759909347018,-308.551766078232,982.071584772269,-650.159132103503,1323.67895079754
"2519",336.759909347018,-308.552408200727,982.072226894764,-650.160114145114,1323.67993283915
"2520",336.759909347018,-308.553050322583,982.07286901662,-650.161096185747,1323.68091487978
"2521",336.759909347018,-308.553692443801,982.073511137838,-650.162078225404,1323.68189691944
"2522",336.759909347018,-308.554334564379,982.074153258416,-650.163060264083,1323.68287895812
"2523",336.759909347018,-308.554976684318,982.074795378355,-650.164042301786,1323.68386099582
"2524",336.759909347018,-308.555618803618,982.075437497655,-650.165024338511,1323.68484303255
"2525",336.759909347018,-308.55626092228,982.076079616317,-650.166006374259,1323.6858250683
"2526",336.759909347018,-308.556903040302,982.076721734339,-650.166988409029,1323.68680710307
"2527",336.759909347018,-308.557545157686,982.077363851723,-650.167970442823,1323.68778913686
"2528",336.759909347018,-308.55818727443,982.078005968467,-650.168952475639,1323.68877116968
"2529",336.759909347018,-308.558829390536,982.078648084573,-650.169934507479,1323.68975320152
"2530",336.759909347018,-308.559471506003,982.07929020004,-650.170916538341,1323.69073523238
"2531",336.759909347018,-308.560113620831,982.079932314868,-650.171898568226,1323.69171726226
"2532",336.759909347018,-308.560755735019,982.080574429056,-650.172880597133,1323.69269929117
"2533",336.759909347018,-308.561397848569,982.081216542606,-650.173862625064,1323.6936813191
"2534",336.759909347018,-308.562039961481,982.081858655518,-650.174844652018,1323.69466334605
"2535",336.759909347018,-308.562682073753,982.08250076779,-650.175826677994,1323.69564537203
"2536",336.759909347018,-308.563324185386,982.083142879423,-650.176808702993,1323.69662739703
"2537",336.759909347018,-308.56396629638,982.083784990417,-650.177790727015,1323.69760942105
"2538",336.759909347018,-308.564608406735,982.084427100772,-650.17877275006,1323.6985914441
"2539",336.759909347018,-308.565250516452,982.085069210489,-650.179754772128,1323.69957346617
"2540",336.759909347018,-308.56589262553,982.085711319566,-650.180736793219,1323.70055548726
"2541",336.759909347018,-308.566534733968,982.086353428005,-650.181718813332,1323.70153750737
"2542",336.759909347018,-308.567176841768,982.086995535805,-650.182700832469,1323.70251952651
"2543",336.759909347018,-308.567818948929,982.087637642966,-650.183682850628,1323.70350154466
"2544",336.759909347018,-308.568461055451,982.088279749488,-650.18466486781,1323.70448356185
"2545",336.759909347018,-308.569103161334,982.088921855371,-650.185646884015,1323.70546557805
"2546",336.759909347018,-308.569745266578,982.089563960615,-650.186628899243,1323.70644759328
"2547",336.759909347018,-308.570387371183,982.09020606522,-650.187610913494,1323.70742960753
"2548",336.759909347018,-308.571029475149,982.090848169186,-650.188592926768,1323.7084116208
"2549",336.759909347018,-308.571671578477,982.091490272514,-650.189574939064,1323.7093936331
"2550",336.759909347018,-308.572313681165,982.092132375202,-650.190556950384,1323.71037564442
"2551",336.759909347018,-308.572955783215,982.092774477252,-650.191538960726,1323.71135765476
"2552",336.759909347018,-308.573597884626,982.093416578663,-650.192520970092,1323.71233966413
"2553",336.759909347018,-308.574239985398,982.094058679435,-650.19350297848,1323.71332167252
"2554",336.759909347018,-308.574882085531,982.094700779568,-650.194484985891,1323.71430367993
"2555",336.759909347018,-308.575524185025,982.095342879062,-650.195466992325,1323.71528568636
"2556",336.759909347018,-308.57616628388,982.095984977917,-650.196448997782,1323.71626769182
"2557",336.759909347018,-308.576808382097,982.096627076134,-650.197431002262,1323.7172496963
"2558",336.759909347018,-308.577450479674,982.097269173711,-650.198413005765,1323.7182316998
"2559",336.759909347018,-308.578092576613,982.09791127065,-650.199395008291,1323.71921370233
"2560",336.759909347018,-308.578734672912,982.098553366949,-650.20037700984,1323.72019570388
"2561",336.759909347018,-308.579376768573,982.09919546261,-650.201359010411,1323.72117770445
"2562",336.759909347018,-308.580018863595,982.099837557632,-650.202341010006,1323.72215970404
"2563",336.759909347018,-308.580660957979,982.100479652016,-650.203323008624,1323.72314170266
"2564",336.759909347018,-308.581303051723,982.10112174576,-650.204305006264,1323.7241237003
"2565",336.759909347018,-308.581945144828,982.101763838865,-650.205287002927,1323.72510569696
"2566",336.759909347018,-308.582587237295,982.102405931332,-650.206268998614,1323.72608769265
"2567",336.759909347018,-308.583229329123,982.10304802316,-650.207250993323,1323.72706968736
"2568",336.759909347018,-308.583871420311,982.103690114348,-650.208232987055,1323.72805168109
"2569",336.759909347018,-308.584513510861,982.104332204898,-650.209214979811,1323.72903367385
"2570",336.759909347018,-308.585155600773,982.10497429481,-650.210196971589,1323.73001566563
"2571",336.759909347018,-308.585797690045,982.105616384082,-650.21117896239,1323.73099765643
"2572",336.759909347018,-308.586439778678,982.106258472715,-650.212160952214,1323.73197964625
"2573",336.759909347018,-308.587081866673,982.10690056071,-650.213142941061,1323.7329616351
"2574",336.759909347018,-308.587723954029,982.107542648066,-650.214124928931,1323.73394362297
"2575",336.759909347018,-308.588366040746,982.108184734783,-650.215106915824,1323.73492560986
"2576",336.759909347018,-308.589008126824,982.108826820861,-650.21608890174,1323.73590759578
"2577",336.759909347018,-308.589650212263,982.1094689063,-650.217070886679,1323.73688958072
"2578",336.759909347018,-308.590292297063,982.1101109911,-650.218052870641,1323.73787156468
"2579",336.759909347018,-308.590934381225,982.110753075262,-650.219034853626,1323.73885354766
"2580",336.759909347018,-308.591576464748,982.111395158785,-650.220016835634,1323.73983552967
"2581",336.759909347018,-308.592218547632,982.112037241669,-650.220998816665,1323.7408175107
"2582",336.759909347018,-308.592860629877,982.112679323914,-650.221980796719,1323.74179949076
"2583",336.759909347018,-308.593502711483,982.11332140552,-650.222962775796,1323.74278146983
"2584",336.759909347018,-308.59414479245,982.113963486487,-650.223944753896,1323.74376344793
"2585",336.759909347018,-308.594786872779,982.114605566816,-650.224926731019,1323.74474542506
"2586",336.759909347018,-308.595428952469,982.115247646506,-650.225908707165,1323.7457274012
"2587",336.759909347018,-308.59607103152,982.115889725557,-650.226890682334,1323.74670937637
"2588",336.759909347018,-308.596713109932,982.116531803969,-650.227872656526,1323.74769135056
"2589",336.759909347018,-308.597355187705,982.117173881742,-650.228854629741,1323.74867332378
"2590",336.759909347018,-308.59799726484,982.117815958877,-650.229836601979,1323.74965529602
"2591",336.759909347018,-308.598639341335,982.118458035372,-650.23081857324,1323.75063726728
"2592",336.759909347018,-308.599281417192,982.119100111229,-650.231800543524,1323.75161923756
"2593",336.759909347018,-308.59992349241,982.119742186447,-650.232782512831,1323.75260120687
"2594",336.759909347018,-308.600565566989,982.120384261026,-650.233764481161,1323.7535831752
"2595",336.759909347018,-308.60120764093,982.121026334967,-650.234746448514,1323.75456514255
"2596",336.759909347018,-308.601849714232,982.121668408269,-650.23572841489,1323.75554710893
"2597",336.759909347018,-308.602491786894,982.122310480931,-650.236710380289,1323.75652907433
"2598",336.759909347018,-308.603133858918,982.122952552955,-650.237692344711,1323.75751103875
"2599",336.759909347018,-308.603775930304,982.123594624341,-650.238674308157,1323.75849300219
"2600",336.759909347018,-308.60441800105,982.124236695087,-650.239656270625,1323.75947496466
"2601",336.759909347018,-308.605060071158,982.124878765195,-650.240638232116,1323.76045692615
"2602",336.759909347018,-308.605702140627,982.125520834664,-650.241620192631,1323.76143888667
"2603",336.759909347018,-308.606344209457,982.126162903494,-650.242602152169,1323.76242084621
"2604",336.759909347018,-308.606986277648,982.126804971685,-650.243584110729,1323.76340280477
"2605",336.759909347018,-308.607628345201,982.127447039238,-650.244566068313,1323.76438476235
"2606",336.759909347018,-308.608270412114,982.128089106151,-650.245548024919,1323.76536671896
"2607",336.759909347018,-308.608912478389,982.128731172426,-650.246529980549,1323.76634867459
"2608",336.759909347018,-308.609554544026,982.129373238062,-650.247511935202,1323.76733062924
"2609",336.759909347018,-308.610196609023,982.13001530306,-650.248493888878,1323.76831258291
"2610",336.759909347018,-308.610838673382,982.130657367419,-650.249475841577,1323.76929453561
"2611",336.759909347018,-308.611480737101,982.131299431138,-650.250457793299,1323.77027648734
"2612",336.759909347018,-308.612122800182,982.131941494219,-650.251439744044,1323.77125843808
"2613",336.759909347018,-308.612764862625,982.132583556662,-650.252421693812,1323.77224038785
"2614",336.759909347018,-308.613406924428,982.133225618465,-650.253403642603,1323.77322233664
"2615",336.759909347018,-308.614048985593,982.13386767963,-650.254385590418,1323.77420428445
"2616",336.759909347018,-308.614691046119,982.134509740156,-650.255367537255,1323.77518623129
"2617",336.759909347018,-308.615333106006,982.135151800043,-650.256349483116,1323.77616817715
"2618",336.759909347018,-308.615975165255,982.135793859292,-650.257331427999,1323.77715012204
"2619",336.759909347018,-308.616617223864,982.136435917901,-650.258313371906,1323.77813206594
"2620",336.759909347018,-308.617259281835,982.137077975872,-650.259295314836,1323.77911400887
"2621",336.759909347018,-308.617901339168,982.137720033205,-650.260277256789,1323.78009595083
"2622",336.759909347018,-308.618543395861,982.138362089898,-650.261259197765,1323.7810778918
"2623",336.759909347018,-308.619185451916,982.139004145953,-650.262241137764,1323.7820598318
"2624",336.759909347018,-308.619827507332,982.139646201369,-650.263223076787,1323.78304177082
"2625",336.759909347018,-308.620469562109,982.140288256146,-650.264205014832,1323.78402370887
"2626",336.759909347018,-308.621111616247,982.140930310284,-650.265186951901,1323.78500564594
"2627",336.759909347018,-308.621753669747,982.141572363784,-650.266168887993,1323.78598758203
"2628",336.759909347018,-308.622395722608,982.142214416645,-650.267150823107,1323.78696951714
"2629",336.759909347018,-308.62303777483,982.142856468867,-650.268132757245,1323.78795145128
"2630",336.759909347018,-308.623679826414,982.143498520451,-650.269114690406,1323.78893338444
"2631",336.759909347018,-308.624321877359,982.144140571395,-650.270096622591,1323.78991531663
"2632",336.759909347018,-308.624963927665,982.144782621702,-650.271078553798,1323.79089724783
"2633",336.759909347018,-308.625605977332,982.145424671369,-650.272060484029,1323.79187917807
"2634",336.759909347018,-308.62624802636,982.146066720397,-650.273042413282,1323.79286110732
"2635",336.759909347018,-308.62689007475,982.146708768787,-650.274024341559,1323.7938430356
"2636",336.759909347018,-308.627532122501,982.147350816538,-650.275006268859,1323.7948249629
"2637",336.759909347018,-308.628174169614,982.147992863651,-650.275988195182,1323.79580688922
"2638",336.759909347018,-308.628816216087,982.148634910124,-650.276970120528,1323.79678881457
"2639",336.759909347018,-308.629458261922,982.149276955959,-650.277952044898,1323.79777073893
"2640",336.759909347018,-308.630100307118,982.149919001155,-650.27893396829,1323.79875266233
"2641",336.759909347018,-308.630742351676,982.150561045713,-650.279915890706,1323.79973458474
"2642",336.759909347018,-308.631384395595,982.151203089632,-650.280897812145,1323.80071650618
"2643",336.759909347018,-308.632026438875,982.151845132912,-650.281879732607,1323.80169842664
"2644",336.759909347018,-308.632668481516,982.152487175553,-650.282861652092,1323.80268034613
"2645",336.759909347018,-308.633310523519,982.153129217556,-650.283843570601,1323.80366226464
"2646",336.759909347018,-308.633952564883,982.15377125892,-650.284825488133,1323.80464418217
"2647",336.759909347018,-308.634594605608,982.154413299645,-650.285807404687,1323.80562609872
"2648",336.759909347018,-308.635236645695,982.155055339732,-650.286789320265,1323.8066080143
"2649",336.759909347018,-308.635878685142,982.155697379179,-650.287771234867,1323.8075899289
"2650",336.759909347018,-308.636520723952,982.156339417989,-650.288753148491,1323.80857184253
"2651",336.759909347018,-308.637162762122,982.156981456159,-650.289735061139,1323.80955375518
